{
  "embed_mlp": {
    "best_score": 0.33963009047981535,
    "best_threshold": 0.08882418274879456,
    "best_threshold_f1": 0.9668615984405458,
    "best_config": {
      "hidden_h1": 128,
      "hidden_h2": 64,
      "dropout": 0.21711968286660607,
      "lr": 0.00010862348973937149,
      "weight_decay": 0.0008910929555200301,
      "input_num_dim": 8,
      "cat_dims": [
        11370,
        13
      ],
      "emb_dims": [
        50,
        7
      ],
      "max_epochs": 100,
      "patience": 15
    }
  }
}