{
  "embed_mlp": {
    "best_score": 0.3461066372546811,
    "best_threshold": 0.7517815828323364,
    "best_threshold_f1": 0.41554494138080766,
    "best_config": {
      "hidden_h1": 128,
      "hidden_h2": 32,
      "dropout": 0.22137852035542321,
      "lr": 0.00023470345283947298,
      "weight_decay": 0.0009728613904848096,
      "input_num_dim": 8,
      "cat_dims": [
        11400,
        13
      ],
      "emb_dims": null,
      "max_epochs": 100,
      "patience": 15
    }
  }
}