{
  "embed_mlp": {
    "test_accuracy": 0.9097666666666666,
    "test_auc": 0.8271076550452766,
    "test_f1": 0.4184747583243824,
    "test_pr_auc": 0.981261688490969,
    "val_auc": 0.3461066372546811,
    "best_threshold": 0.7517815828323364,
    "best_threshold_f1": 0.41554494138080766
  }
}