{
  "embed_mlp": {
    "test_accuracy": 0.9335333333333333,
    "test_auc": 0.8154636537785738,
    "test_f1": 0.04410354745925216,
    "val_auc": 0.8067011788264649
  }
}