{
  "embed_mlp": {
    "best_score": 0.8297619047619047,
    "best_threshold": 0.2025979608297348,
    "best_threshold_f1": 0.879746835443038,
    "best_config": {
      "hidden_h1": 128,
      "hidden_h2": 32,
      "dropout": 0.4795542149013333,
      "lr": 0.00853618986286683,
      "weight_decay": 0.0002661901888489054,
      "input_num_dim": 7,
      "cat_dims": [
        4,
        5,
        10,
        5,
        5,
        4,
        3,
        4,
        3,
        3,
        4,
        2,
        2
      ],
      "emb_dims": [
        2,
        3,
        5,
        3,
        3,
        2,
        2,
        2,
        2,
        2,
        2,
        1,
        1
      ],
      "max_epochs": 100,
      "patience": 15
    }
  },
  "random_forest": {
    "best_score": 0.6408350418310649,
    "best_threshold": null,
    "best_threshold_f1": null,
    "best_config": {
      "n_estimators": 100,
      "max_depth": null,
      "min_samples_split": 4,
      "min_samples_leaf": 3,
      "max_features": "sqrt",
      "random_state": 42,
      "n_jobs": -1
    }
  }
}