{
  "embed_mlp": {
    "best_score": 0.9188606308343745,
    "best_threshold": 0.26096275448799133,
    "best_threshold_f1": 0.881578947368421,
    "best_config": {
      "hidden_h1": 128,
      "hidden_h2": 32,
      "dropout": 0.4795542149013333,
      "lr": 0.00853618986286683,
      "weight_decay": 0.0002661901888489054,
      "input_num_dim": 7,
      "cat_dims": [
        4,
        5,
        10,
        5,
        5,
        4,
        3,
        4,
        3,
        3,
        4,
        2,
        2
      ],
      "emb_dims": null,
      "max_epochs": 100,
      "patience": 15
    }
  }
}