{
  "embed_mlp": {
    "test_accuracy": 0.74,
    "test_auc": 0.7690476190476189,
    "test_f1_good": 0.8300653594771242,
    "test_f1_bad": 0.44680851063829785,
    "test_pr_auc_good": 0.8874288015649936,
    "test_pr_auc_bad": 0.5742079734277249,
    "val_auc": 0.8297619047619047,
    "best_threshold": 0.2025979608297348,
    "best_threshold_f1": 0.879746835443038,
    "best_config": {
      "hidden_h1": 128,
      "hidden_h2": 32,
      "dropout": 0.4795542149013333,
      "lr": 0.00853618986286683,
      "weight_decay": 0.0002661901888489054,
      "input_num_dim": 7,
      "cat_dims": [
        4,
        5,
        10,
        5,
        5,
        4,
        3,
        4,
        3,
        3,
        4,
        2,
        2
      ],
      "emb_dims": [
        2,
        3,
        5,
        3,
        3,
        2,
        2,
        2,
        2,
        2,
        2,
        1,
        1
      ],
      "max_epochs": 100,
      "patience": 15
    }
  },
  "random_forest": {
    "test_accuracy": 0.76,
    "test_roc_auc": 0.8067857142857142,
    "test_pr_auc": 0.63282589207558,
    "test_f1_score": 0.8441558441558441,
    "val_auc": 0.6408350418310649,
    "best_threshold": null,
    "best_threshold_f1": null,
    "best_config": {
      "n_estimators": 100,
      "max_depth": null,
      "min_samples_split": 4,
      "min_samples_leaf": 3,
      "max_features": "sqrt",
      "random_state": 42,
      "n_jobs": -1
    }
  }
}