{
  "embed_mlp": {
    "test_accuracy": 0.75,
    "test_auc": 0.7696428571428571,
    "test_f1": 0.8251748251748252,
    "val_auc": 0.8223809523809524
  }
}