{
  "embed_mlp": {
    "test_accuracy": 0.72,
    "test_auc": 0.7730952380952382,
    "test_f1": 0.8095238095238095,
    "test_pr_auc": 0.5790134473796361,
    "val_auc": 0.9188606308343745,
    "best_threshold": 0.26096275448799133,
    "best_threshold_f1": 0.881578947368421
  }
}