{
  "embed_mlp": {
    "best_score": 0.6938093750000001,
    "best_config": {
      "hidden_h1": 128,
      "hidden_h2": 32,
      "dropout": 0.4795542149013333,
      "lr": 0.00853618986286683,
      "weight_decay": 0.0002661901888489054,
      "input_num_dim": 14,
      "cat_dims": [
        2,
        7,
        35,
        5,
        3,
        14
      ],
      "emb_dims": null,
      "max_epochs": 100,
      "patience": 15
    }
  }
}