{
  "embed_mlp": {
    "test_accuracy": 0.5825,
    "test_auc": 0.7051989583333333,
    "test_f1": 0.6146746654360867,
    "test_pr_auc": 0.7696845462444218,
    "val_auc": 0.6029937114203999,
    "best_threshold": 0.3807680606842041,
    "best_threshold_f1": 0.6184812442817932,
    "best_config": {
      "hidden_h1": 128,
      "hidden_h2": 32,
      "dropout": 0.4686415427405163,
      "lr": 0.0009007943098030559,
      "weight_decay": 0.00016811368413378425,
      "input_num_dim": 14,
      "cat_dims": [
        2,
        7,
        35,
        5,
        3,
        14
      ],
      "emb_dims": null,
      "max_epochs": 100,
      "patience": 15
    }
  }
}