{
  "embed_mlp": {
    "test_accuracy": 0.6555,
    "test_roc_auc": 0.6962864583333334,
    "test_pr_auc": 0.591588947331397,
    "test_f1_score": 0.7601809954751131,
    "val_auc": 0.6239238517510847,
    "best_threshold": 0.28691309690475464,
    "best_threshold_f1": 0.774618585298197,
    "best_config": {
      "hidden_h1": 256,
      "hidden_h2": 128,
      "dropout": 0.28242799368681437,
      "lr": 0.0037183641805732083,
      "weight_decay": 3.972110727381911e-06,
      "input_num_dim": 14,
      "cat_dims": [
        2,
        7,
        35,
        5,
        3,
        13
      ],
      "emb_dims": [
        1,
        4,
        18,
        3,
        2,
        7
      ],
      "max_epochs": 100,
      "patience": 15
    }
  }
}