{
  "embed_mlp": {
    "test_accuracy": 0.5825,
    "test_auc": 0.7051989583333333,
    "test_f1": 0.6146746654360867,
    "test_pr_auc": 0.7696845462444218,
    "val_auc": 0.6029937114203999,
    "best_threshold": 0.3807680606842041,
    "best_threshold_f1": 0.6184812442817932
  }
}