{
  "embed_mlp": {
    "test_accuracy": 0.67,
    "test_auc": 0.7079135416666666,
    "test_f1": 0.5096582466567607,
    "val_auc": 0.6938093750000001
  }
}