{
  "embed_mlp": {
    "best_score": 0.7728571428571429,
    "best_config": {
      "hidden_h1": 64,
      "hidden_h2": 128,
      "dropout": 0.4100531293444458,
      "lr": 0.007568292060167618,
      "weight_decay": 0.00048359527764659497,
      "input_num_dim": 7,
      "cat_dims": [
        4,
        5,
        10,
        5,
        5,
        4,
        3,
        4,
        3,
        3,
        4,
        2,
        2
      ],
      "emb_dims": null,
      "max_epochs": 100,
      "patience": 15
    }
  }
}