{
  "embed_mlp": {
    "test_accuracy": 0.78,
    "test_auc": 0.8122619047619047,
    "test_f1": 0.6271186440677966,
    "val_auc": 0.7728571428571429
  }
}